"","year","doy","siteID","name","TSS","TFSS"
"1",2005,266,22050001,"Littlefield Lake (maximum water depth)",12,NA
"2",2005,216,22050001,"Littlefield Lake (maximum water depth)",19,NA
"3",2005,230,22050001,"Littlefield Lake (maximum water depth)",13,NA
"4",2005,251,22050001,"Littlefield Lake (maximum water depth)",15,NA
"5",2004,189,22050001,"Littlefield Lake (maximum water depth)",8,NA
"6",2004,216,22050001,"Littlefield Lake (maximum water depth)",60,NA
"7",2004,202,22050001,"Littlefield Lake (maximum water depth)",19,NA
"8",2004,260,22050001,"Littlefield Lake (maximum water depth)",47,NA
"9",2004,279,22050001,"Littlefield Lake (maximum water depth)",22,NA
"10",2004,245,22050001,"Littlefield Lake (maximum water depth)",21,NA
"11",2004,231,22050001,"Littlefield Lake (maximum water depth)",60,NA
"12",2005,188,22050001,"Littlefield Lake (maximum water depth)",25,NA
"13",2005,166,22050001,"Littlefield Lake (maximum water depth)",15,NA
"14",2005,76,22050001,"Littlefield Lake (maximum water depth)",8,NA
"15",2005,153,22050001,"Littlefield Lake (maximum water depth)",13,NA
"16",2005,153,22050002,"Littlefield Lake (mean water depth)",16,NA
"17",2005,166,22050002,"Littlefield Lake (mean water depth)",26,NA
"18",2005,188,22050002,"Littlefield Lake (mean water depth)",21,NA
"19",2004,231,22050002,"Littlefield Lake (mean water depth)",64,NA
"20",2004,245,22050002,"Littlefield Lake (mean water depth)",18,NA
"21",2004,279,22050002,"Littlefield Lake (mean water depth)",20,NA
"22",2004,260,22050002,"Littlefield Lake (mean water depth)",42,NA
"23",2004,202,22050002,"Littlefield Lake (mean water depth)",16,NA
"24",2004,216,22050002,"Littlefield Lake (mean water depth)",50,NA
"25",2004,189,22050002,"Littlefield Lake (mean water depth)",4,NA
"26",2005,251,22050002,"Littlefield Lake (mean water depth)",12,NA
"27",2005,230,22050002,"Littlefield Lake (mean water depth)",14,NA
"28",2005,216,22050002,"Littlefield Lake (mean water depth)",17,NA
"29",2005,266,22050002,"Littlefield Lake (mean water depth)",14,NA
"30",2005,266,22050003,"Littlefield Lake (shallow water depth)",18,NA
"31",2005,216,22050003,"Littlefield Lake (shallow water depth)",13,NA
"32",2005,230,22050003,"Littlefield Lake (shallow water depth)",28,NA
"33",2005,251,22050003,"Littlefield Lake (shallow water depth)",24,NA
"34",2004,189,22050003,"Littlefield Lake (shallow water depth)",11,NA
"35",2004,216,22050003,"Littlefield Lake (shallow water depth)",50,NA
"36",2004,202,22050003,"Littlefield Lake (shallow water depth)",20,NA
"37",2004,260,22050003,"Littlefield Lake (shallow water depth)",41,NA
"38",2004,279,22050003,"Littlefield Lake (shallow water depth)",17,NA
"39",2004,245,22050003,"Littlefield Lake (shallow water depth)",23,NA
"40",2004,231,22050003,"Littlefield Lake (shallow water depth)",68,NA
"41",2005,188,22050003,"Littlefield Lake (shallow water depth)",31,NA
"42",2005,166,22050003,"Littlefield Lake (shallow water depth)",14,NA
"43",2005,153,22050003,"Littlefield Lake (shallow water depth)",16,NA
"44",2009,168,22060001,"Hannen Lake",4,NA
"45",2009,127,22060001,"Hannen Lake",3,NA
"46",2009,217,22060001,"Hannen Lake",7,NA
"47",2009,190,22060001,"Hannen Lake",3,NA
"48",2009,253,22060001,"Hannen Lake",5,NA
"49",2009,267,22060003,"Hannen Lake Outfall",5,NA
"50",2009,190,22060003,"Hannen Lake Outfall",3,NA
"51",2009,217,22060003,"Hannen Lake Outfall",50,NA
"52",2009,253,22060003,"Hannen Lake Outfall",26,NA
"53",2009,127,22060003,"Hannen Lake Outfall",4,NA
"54",2009,141,22060003,"Hannen Lake Outfall",6,NA
"55",2009,168,22060003,"Hannen Lake Outfall",10,NA
"56",2002,254,22080001,"Don Williams Lake Surface Grab (1)",19,NA
"57",2002,282,22080001,"Don Williams Lake Surface Grab (1)",2,NA
"58",2002,169,22080001,"Don Williams Lake Surface Grab (1)",8,NA
"59",2002,142,22080001,"Don Williams Lake Surface Grab (1)",7,NA
"60",2002,115,22080001,"Don Williams Lake Surface Grab (1)",3,NA
"61",2002,224,22080001,"Don Williams Lake Surface Grab (1)",10,NA
"62",2002,199,22080001,"Don Williams Lake Surface Grab (1)",8,NA
"63",2002,87,22080001,"Don Williams Lake Surface Grab (1)",5,NA
"64",2002,101,22080001,"Don Williams Lake Surface Grab (1)",6,NA
"65",2002,101,22080002,"Don Williams Lake Mid-depth Grab (2)",4,NA
"66",2002,87,22080002,"Don Williams Lake Mid-depth Grab (2)",5,NA
"67",2002,199,22080002,"Don Williams Lake Mid-depth Grab (2)",8,NA
"68",2002,224,22080002,"Don Williams Lake Mid-depth Grab (2)",6,NA
"69",2002,115,22080002,"Don Williams Lake Mid-depth Grab (2)",5,NA
"70",2002,169,22080002,"Don Williams Lake Mid-depth Grab (2)",6,NA
"71",2002,142,22080002,"Don Williams Lake Mid-depth Grab (2)",7,NA
"72",2002,282,22080002,"Don Williams Lake Mid-depth Grab (2)",2,NA
"73",2002,254,22080002,"Don Williams Lake Mid-depth Grab (2)",20,NA
"74",2002,254,22080003,"Don Williams Lake Bottom Grab (3)",12,NA
"75",2002,282,22080003,"Don Williams Lake Bottom Grab (3)",4,NA
"76",2002,169,22080003,"Don Williams Lake Bottom Grab (3)",5,NA
"77",2002,142,22080003,"Don Williams Lake Bottom Grab (3)",5,NA
"78",2002,115,22080003,"Don Williams Lake Bottom Grab (3)",7,NA
"79",2002,224,22080003,"Don Williams Lake Bottom Grab (3)",21,NA
"80",2002,199,22080003,"Don Williams Lake Bottom Grab (3)",7,NA
"81",2002,87,22080003,"Don Williams Lake Bottom Grab (3)",4,NA
"82",2002,101,22080003,"Don Williams Lake Bottom Grab (3)",6,NA
"83",2003,190,22080004,"Don Williams Lake (maximum water depth)",26,NA
"84",2003,202,22080004,"Don Williams Lake (maximum water depth)",13,NA
"85",2003,254,22080004,"Don Williams Lake (maximum water depth)",9,NA
"86",2003,268,22080004,"Don Williams Lake (maximum water depth)",15,NA
"87",2003,280,22080004,"Don Williams Lake (maximum water depth)",14,NA
"88",2003,232,22080004,"Don Williams Lake (maximum water depth)",6,NA
"89",2003,216,22080004,"Don Williams Lake (maximum water depth)",11,NA
"90",2003,216,22080005,"Don Williams Lake (mean water depth)",8,NA
"91",2003,232,22080005,"Don Williams Lake (mean water depth)",8,NA
"92",2003,280,22080005,"Don Williams Lake (mean water depth)",15,NA
"93",2003,268,22080005,"Don Williams Lake (mean water depth)",15,NA
"94",2003,254,22080005,"Don Williams Lake (mean water depth)",11,NA
"95",2003,202,22080005,"Don Williams Lake (mean water depth)",11,NA
"96",2003,190,22080005,"Don Williams Lake (mean water depth)",28,NA
"97",2003,190,22080006,"Don Williams Lake (shallow water depth)",210,NA
"98",2003,202,22080006,"Don Williams Lake (shallow water depth)",32,NA
"99",2003,254,22080006,"Don Williams Lake (shallow water depth)",32,NA
"100",2003,280,22080006,"Don Williams Lake (shallow water depth)",22,NA
"101",2003,268,22080006,"Don Williams Lake (shallow water depth)",23,NA
"102",2003,232,22080006,"Don Williams Lake (shallow water depth)",35,NA
"103",2003,216,22080006,"Don Williams Lake (shallow water depth)",18,NA
"104",2010,140,22090001,"Avenue of the Saints Lake",11,4
"105",2010,259,22090001,"Avenue of the Saints Lake",19,11
"106",2010,229,22090001,"Avenue of the Saints Lake",19,4
"107",2010,202,22090001,"Avenue of the Saints Lake",19,5
"108",2010,161,22090001,"Avenue of the Saints Lake",9,5
"109",2005,172,22110001,"Storm Lake Max Depth",30,NA
"110",2005,236,22110001,"Storm Lake Max Depth",41,NA
"111",2005,208,22110001,"Storm Lake Max Depth",29,NA
"112",2004,230,22130001,"North Twin Lake (maximum water depth)",33,NA
"113",2004,217,22130001,"North Twin Lake (maximum water depth)",31,NA
"114",2004,244,22130001,"North Twin Lake (maximum water depth)",20,NA
"115",2004,259,22130001,"North Twin Lake (maximum water depth)",21,NA
"116",2004,280,22130001,"North Twin Lake (maximum water depth)",15,NA
"117",2004,204,22130001,"North Twin Lake (maximum water depth)",18,NA
"118",2004,188,22130001,"North Twin Lake (maximum water depth)",41,NA
"119",2004,188,22130002,"North Twin Lake (mean water depth)",20,NA
"120",2004,259,22130002,"North Twin Lake (mean water depth)",27,NA
"121",2004,244,22130002,"North Twin Lake (mean water depth)",25,NA
"122",2004,204,22130002,"North Twin Lake (mean water depth)",17,NA
"123",2004,217,22130002,"North Twin Lake (mean water depth)",29,NA
"124",2004,230,22130002,"North Twin Lake (mean water depth)",33,NA
"125",2004,280,22130002,"North Twin Lake (mean water depth)",7,NA
"126",2004,230,22130003,"North Twin Lake (shallow water depth)",37,NA
"127",2004,217,22130003,"North Twin Lake (shallow water depth)",28,NA
"128",2004,204,22130003,"North Twin Lake (shallow water depth)",19,NA
"129",2004,244,22130003,"North Twin Lake (shallow water depth)",40,NA
"130",2004,259,22130003,"North Twin Lake (shallow water depth)",27,NA
"131",2004,280,22130003,"North Twin Lake (shallow water depth)",12,NA
"132",2004,188,22130003,"North Twin Lake (shallow water depth)",21,NA
"133",2005,90,22210001,"Trumbull Lake Max Depth",320,NA
"134",2005,159,22210001,"Trumbull Lake Max Depth",240,NA
"135",2005,143,22210001,"Trumbull Lake Max Depth",57,NA
"136",2005,131,22210001,"Trumbull Lake Max Depth",69,NA
"137",2005,173,22210001,"Trumbull Lake Max Depth",61,NA
"138",2005,193,22210001,"Trumbull Lake Max Depth",44,NA
"139",2005,208,22210001,"Trumbull Lake Max Depth",83,NA
"140",2005,222,22210001,"Trumbull Lake Max Depth",110,NA
"141",2005,236,22210001,"Trumbull Lake Max Depth",280,NA
"142",2005,256,22210001,"Trumbull Lake Max Depth",99,NA
"143",2005,270,22210001,"Trumbull Lake Max Depth",170,NA
"144",2011,132,22250001,"Beaver Lake",3,NA
"145",2011,167,22250001,"Beaver Lake",14,NA
"146",2011,187,22250001,"Beaver Lake",15,NA
"147",2011,229,22250001,"Beaver Lake",31,NA
"148",2011,257,22250001,"Beaver Lake",22,NA
"149",2011,257,22250003,"Beaver Lake inlet at Dexter",30,NA
"150",2011,229,22250003,"Beaver Lake inlet at Dexter",34,NA
"151",2011,187,22250003,"Beaver Lake inlet at Dexter",18,NA
"152",2011,167,22250003,"Beaver Lake inlet at Dexter",13,NA
"153",2011,132,22250003,"Beaver Lake inlet at Dexter",23,NA
"154",2011,186,22270001,"Little River Lake",11,NA
"155",2011,200,22270001,"Little River Lake",18,NA
"156",2011,221,22270001,"Little River Lake",6,NA
"157",2011,215,22270001,"Little River Lake",8,NA
"158",2010,153,22270001,"Little River Lake",4,1
"159",2010,188,22270001,"Little River Lake",5,4
"160",2010,214,22270001,"Little River Lake",8,5
"161",2010,245,22270001,"Little River Lake",5,4
"162",2010,123,22270001,"Little River Lake",3,2
"163",2010,123,22270004,"Little River Lake near Leon (site LRL4)",4,2
"164",2010,245,22270004,"Little River Lake near Leon (site LRL4)",15,12
"165",2010,214,22270004,"Little River Lake near Leon (site LRL4)",9,5
"166",2010,188,22270004,"Little River Lake near Leon (site LRL4)",12,7
"167",2010,153,22270004,"Little River Lake near Leon (site LRL4)",6,3
"168",2011,215,22270004,"Little River Lake near Leon (site LRL4)",22,NA
"169",2011,221,22270004,"Little River Lake near Leon (site LRL4)",13,NA
"170",2011,200,22270004,"Little River Lake near Leon (site LRL4)",25,NA
"171",2011,186,22270004,"Little River Lake near Leon (site LRL4)",6,NA
"172",2005,242,22280001,"Silver Lake Max Depth",40,NA
"173",2007,228,22280001,"Silver Lake Max Depth",22,2
"174",2007,178,22280001,"Silver Lake Max Depth",58,6
"175",2005,171,22280001,"Silver Lake Max Depth",2,NA
"176",2012,130,22280003,"Backbone Lake",6,NA
"177",2012,256,22280003,"Backbone Lake",14,NA
"178",2012,193,22280003,"Backbone Lake",44,NA
"179",2012,221,22280003,"Backbone Lake",12,NA
"180",2012,163,22280003,"Backbone Lake",8,NA
"181",2007,170,22290001,"Lake Geode",5,1
"182",2007,226,22290001,"Lake Geode",11,3
"183",2002,225,22300001,"Upper Gar Lake Surface Grab (1)",11,NA
"184",2002,170,22300001,"Upper Gar Lake Surface Grab (1)",11,NA
"185",2002,190,22300001,"Upper Gar Lake Surface Grab (1)",15,NA
"186",2002,128,22300001,"Upper Gar Lake Surface Grab (1)",24,NA
"187",2002,134,22300001,"Upper Gar Lake Surface Grab (1)",6,NA
"188",2002,280,22300001,"Upper Gar Lake Surface Grab (1)",11,NA
"189",2002,252,22300001,"Upper Gar Lake Surface Grab (1)",19,NA
"190",2002,99,22300001,"Upper Gar Lake Surface Grab (1)",9,NA
"191",2002,71,22300001,"Upper Gar Lake Surface Grab (1)",4,NA
"192",2002,71,22300002,"Upper Gar Lake Mid-depth Grab (2)",3,NA
"193",2002,99,22300002,"Upper Gar Lake Mid-depth Grab (2)",13,NA
"194",2002,252,22300002,"Upper Gar Lake Mid-depth Grab (2)",23,NA
"195",2002,280,22300002,"Upper Gar Lake Mid-depth Grab (2)",12,NA
"196",2002,134,22300002,"Upper Gar Lake Mid-depth Grab (2)",9,NA
"197",2002,128,22300002,"Upper Gar Lake Mid-depth Grab (2)",25,NA
"198",2002,190,22300002,"Upper Gar Lake Mid-depth Grab (2)",15,NA
"199",2002,170,22300002,"Upper Gar Lake Mid-depth Grab (2)",5,NA
"200",2002,225,22300002,"Upper Gar Lake Mid-depth Grab (2)",10,NA
"201",2002,225,22300003,"Upper Gar Lake Bottom Grab (3)",13,NA
"202",2002,170,22300003,"Upper Gar Lake Bottom Grab (3)",11,NA
"203",2002,190,22300003,"Upper Gar Lake Bottom Grab (3)",17,NA
"204",2002,128,22300003,"Upper Gar Lake Bottom Grab (3)",26,NA
"205",2002,134,22300003,"Upper Gar Lake Bottom Grab (3)",12,NA
"206",2002,280,22300003,"Upper Gar Lake Bottom Grab (3)",13,NA
"207",2002,252,22300003,"Upper Gar Lake Bottom Grab (3)",24,NA
"208",2002,99,22300003,"Upper Gar Lake Bottom Grab (3)",12,NA
"209",2002,71,22300003,"Upper Gar Lake Bottom Grab (3)",3,NA
"210",2002,71,22300004,"Lower Gar Lake Surface Grab (1)",5,NA
"211",2002,99,22300004,"Lower Gar Lake Surface Grab (1)",32,NA
"212",2002,134,22300004,"Lower Gar Lake Surface Grab (1)",19,NA
"213",2002,128,22300004,"Lower Gar Lake Surface Grab (1)",47,NA
"214",2002,170,22300004,"Lower Gar Lake Surface Grab (1)",22,NA
"215",2002,225,22300004,"Lower Gar Lake Surface Grab (1)",18,NA
"216",2002,190,22300004,"Lower Gar Lake Surface Grab (1)",15,NA
"217",2002,190,22300005,"Lower Gar Lake Mid-depth Grab (2)",14,NA
"218",2002,225,22300005,"Lower Gar Lake Mid-depth Grab (2)",21,NA
"219",2002,170,22300005,"Lower Gar Lake Mid-depth Grab (2)",24,NA
"220",2002,128,22300005,"Lower Gar Lake Mid-depth Grab (2)",47,NA
"221",2002,134,22300005,"Lower Gar Lake Mid-depth Grab (2)",24,NA
"222",2002,99,22300005,"Lower Gar Lake Mid-depth Grab (2)",37,NA
"223",2002,71,22300005,"Lower Gar Lake Mid-depth Grab (2)",4,NA
"224",2002,71,22300006,"Lower Gar Lake Bottom Grab (3)",6,NA
"225",2002,99,22300006,"Lower Gar Lake Bottom Grab (3)",45,NA
"226",2002,134,22300006,"Lower Gar Lake Bottom Grab (3)",21,NA
"227",2002,128,22300006,"Lower Gar Lake Bottom Grab (3)",49,NA
"228",2002,170,22300006,"Lower Gar Lake Bottom Grab (3)",25,NA
"229",2002,225,22300006,"Lower Gar Lake Bottom Grab (3)",15,NA
"230",2002,190,22300006,"Lower Gar Lake Bottom Grab (3)",15,NA
"231",2005,237,22300007,"Silver Lake Max Depth",10,NA
"232",2005,256,22300007,"Silver Lake Max Depth",24,NA
"233",2005,221,22300007,"Silver Lake Max Depth",13,NA
"234",2005,214,22300007,"Silver Lake Max Depth",23,NA
"235",2005,271,22300007,"Silver Lake Max Depth",25,NA
"236",2005,172,22300007,"Silver Lake Max Depth",6,NA
"237",2005,159,22300007,"Silver Lake Max Depth",12,NA
"238",2005,193,22300007,"Silver Lake Max Depth",9,NA
"239",2005,131,22300007,"Silver Lake Max Depth",29,NA
"240",2005,144,22300007,"Silver Lake Max Depth",17,NA
"241",2005,90,22300007,"Silver Lake Max Depth",26,NA
"242",2003,217,22330001,"Volga Lake (maximum water depth)",31,NA
"243",2003,231,22330001,"Volga Lake (maximum water depth)",17,NA
"244",2003,273,22330001,"Volga Lake (maximum water depth)",9,NA
"245",2003,259,22330001,"Volga Lake (maximum water depth)",24,NA
"246",2003,203,22330001,"Volga Lake (maximum water depth)",24,NA
"247",2003,191,22330001,"Volga Lake (maximum water depth)",10,NA
"248",2010,161,22330001,"Volga Lake (maximum water depth)",11,4
"249",2010,189,22330001,"Volga Lake (maximum water depth)",13,NA
"250",2010,215,22330001,"Volga Lake (maximum water depth)",29,NA
"251",2010,244,22330001,"Volga Lake (maximum water depth)",18,3
"252",2010,125,22330001,"Volga Lake (maximum water depth)",7,NA
"253",2003,191,22330002,"Volga Lake (mean water depth)",14,NA
"254",2003,203,22330002,"Volga Lake (mean water depth)",21,NA
"255",2003,273,22330002,"Volga Lake (mean water depth)",8,NA
"256",2003,259,22330002,"Volga Lake (mean water depth)",11,NA
"257",2003,231,22330002,"Volga Lake (mean water depth)",32,NA
"258",2003,217,22330002,"Volga Lake (mean water depth)",31,NA
"259",2003,217,22330003,"Volga Lake (shallow water depth)",26,NA
"260",2003,231,22330003,"Volga Lake (shallow water depth)",33,NA
"261",2003,259,22330003,"Volga Lake (shallow water depth)",7,NA
"262",2003,273,22330003,"Volga Lake (shallow water depth)",6,NA
"263",2003,203,22330003,"Volga Lake (shallow water depth)",28,NA
"264",2003,191,22330003,"Volga Lake (shallow water depth)",49,NA
"265",2010,125,22350001,"Beeds Lake",33,22
"266",2010,244,22350001,"Beeds Lake",12,3
"267",2010,216,22350001,"Beeds Lake",8,2
"268",2010,189,22350001,"Beeds Lake",11,7
"269",2010,154,22350001,"Beeds Lake",3,1
"270",2005,81,22370001,"Spring Lake Max Depth",23,NA
"271",2005,82,22400001,"Little Wall Lake (maximum water depth)",24,NA
"272",2005,152,22400001,"Little Wall Lake (maximum water depth)",52,NA
"273",2005,187,22400001,"Little Wall Lake (maximum water depth)",45,NA
"274",2005,202,22400001,"Little Wall Lake (maximum water depth)",36,NA
"275",2005,167,22400001,"Little Wall Lake (maximum water depth)",53,NA
"276",2005,265,22400001,"Little Wall Lake (maximum water depth)",35,NA
"277",2005,217,22400001,"Little Wall Lake (maximum water depth)",32,NA
"278",2005,229,22400001,"Little Wall Lake (maximum water depth)",21,NA
"279",2005,252,22400001,"Little Wall Lake (maximum water depth)",23,NA
"280",2003,191,22400001,"Little Wall Lake (maximum water depth)",25,NA
"281",2003,204,22400001,"Little Wall Lake (maximum water depth)",30,NA
"282",2003,281,22400001,"Little Wall Lake (maximum water depth)",60,NA
"283",2003,267,22400001,"Little Wall Lake (maximum water depth)",53,NA
"284",2003,252,22400001,"Little Wall Lake (maximum water depth)",42,NA
"285",2003,233,22400001,"Little Wall Lake (maximum water depth)",45,NA
"286",2003,217,22400001,"Little Wall Lake (maximum water depth)",36,NA
"287",2003,204,22400002,"Little Wall Lake (mean water depth)",29,NA
"288",2003,217,22400002,"Little Wall Lake (mean water depth)",48,NA
"289",2003,233,22400002,"Little Wall Lake (mean water depth)",43,NA
"290",2003,252,22400002,"Little Wall Lake (mean water depth)",46,NA
"291",2003,267,22400002,"Little Wall Lake (mean water depth)",49,NA
"292",2003,281,22400002,"Little Wall Lake (mean water depth)",60,NA
"293",2003,191,22400002,"Little Wall Lake (mean water depth)",66,NA
"294",2005,252,22400002,"Little Wall Lake (mean water depth)",22,NA
"295",2005,229,22400002,"Little Wall Lake (mean water depth)",22,NA
"296",2005,217,22400002,"Little Wall Lake (mean water depth)",34,NA
"297",2005,265,22400002,"Little Wall Lake (mean water depth)",30,NA
"298",2005,167,22400002,"Little Wall Lake (mean water depth)",48,NA
"299",2005,202,22400002,"Little Wall Lake (mean water depth)",38,NA
"300",2005,187,22400002,"Little Wall Lake (mean water depth)",36,NA
"301",2005,152,22400002,"Little Wall Lake (mean water depth)",42,NA
"302",2005,152,22400003,"Little Wall Lake (shallow water depth)",44,NA
"303",2005,187,22400003,"Little Wall Lake (shallow water depth)",40,NA
"304",2005,202,22400003,"Little Wall Lake (shallow water depth)",36,NA
"305",2005,167,22400003,"Little Wall Lake (shallow water depth)",50,NA
"306",2005,265,22400003,"Little Wall Lake (shallow water depth)",30,NA
"307",2005,217,22400003,"Little Wall Lake (shallow water depth)",36,NA
"308",2005,229,22400003,"Little Wall Lake (shallow water depth)",21,NA
"309",2005,252,22400003,"Little Wall Lake (shallow water depth)",18,NA
"310",2003,191,22400003,"Little Wall Lake (shallow water depth)",28,NA
"311",2003,281,22400003,"Little Wall Lake (shallow water depth)",62,NA
"312",2003,267,22400003,"Little Wall Lake (shallow water depth)",56,NA
"313",2003,252,22400003,"Little Wall Lake (shallow water depth)",42,NA
"314",2003,233,22400003,"Little Wall Lake (shallow water depth)",35,NA
"315",2003,217,22400003,"Little Wall Lake (shallow water depth)",87,NA
"316",2003,204,22400003,"Little Wall Lake (shallow water depth)",30,NA
"317",2007,221,22400004,"Briggs Woods Lake",7,1
"318",2007,156,22400004,"Briggs Woods Lake",3,1
"319",2008,247,22400004,"Briggs Woods Lake",4,1
"320",2008,227,22400004,"Briggs Woods Lake",7,1
"321",2008,192,22400004,"Briggs Woods Lake",9,1
"322",2008,164,22400004,"Briggs Woods Lake",3,1
"323",2008,127,22400004,"Briggs Woods Lake",1,1
"324",2005,237,22410001,"Crystal Lake Max Depth",66,NA
"325",2005,215,22410001,"Crystal Lake Max Depth",38,NA
"326",2005,173,22410001,"Crystal Lake Max Depth",3,NA
"327",2010,154,22410002,"Eldred Sherwood Lake",2,1
"328",2010,189,22410002,"Eldred Sherwood Lake",7,1
"329",2010,217,22410002,"Eldred Sherwood Lake",4,2
"330",2010,244,22410002,"Eldred Sherwood Lake",33,1
"331",2010,125,22410002,"Eldred Sherwood Lake",13,7
"332",2010,125,22420001,"Lower Pine Lake",19,12
"333",2009,258,22420001,"Lower Pine Lake",19,NA
"334",2009,229,22420001,"Lower Pine Lake",15,NA
"335",2009,188,22420001,"Lower Pine Lake",12,NA
"336",2010,260,22420001,"Lower Pine Lake",17,6
"337",2010,215,22420001,"Lower Pine Lake",14,7
"338",2010,187,22420001,"Lower Pine Lake",10,4
"339",2010,152,22420001,"Lower Pine Lake",15,7
"340",2009,167,22420001,"Lower Pine Lake",14,NA
"341",2009,139,22420001,"Lower Pine Lake",16,NA
"342",2010,187,22420002,"Upper Pine Lake",14,4
"343",2010,215,22420002,"Upper Pine Lake",9,3
"344",2010,260,22420002,"Upper Pine Lake",9,2
"345",2010,125,22420002,"Upper Pine Lake",16,8
"346",2010,152,22420002,"Upper Pine Lake",8,3
"347",2012,192,22430001,"DeSoto Bend Lake",22,NA
"348",2012,226,22430001,"DeSoto Bend Lake",28,NA
"349",2012,254,22430001,"DeSoto Bend Lake",40,NA
"350",2012,158,22430001,"DeSoto Bend Lake",21,NA
"351",2012,130,22430001,"DeSoto Bend Lake",58,NA
"352",2012,129,22480001,"Lake Iowa",5,NA
"353",2012,257,22480001,"Lake Iowa",12,NA
"354",2012,222,22480001,"Lake Iowa",8,NA
"355",2012,164,22480001,"Lake Iowa",11,NA
"356",2012,191,22480001,"Lake Iowa",15,NA
"357",2007,226,22480001,"Lake Iowa",12,1
"358",2007,170,22480001,"Lake Iowa",3,1
"359",2005,199,22500001,"Rock Creek Max Depth",11,NA
"360",2005,157,22500001,"Rock Creek Max Depth",4,NA
"361",2003,204,22520001,"Lake Macbride (maximum water depth)",9,NA
"362",2003,218,22520001,"Lake Macbride (maximum water depth)",8,NA
"363",2003,232,22520001,"Lake Macbride (maximum water depth)",9,NA
"364",2003,260,22520001,"Lake Macbride (maximum water depth)",2,NA
"365",2003,272,22520001,"Lake Macbride (maximum water depth)",3,NA
"366",2003,189,22520001,"Lake Macbride (maximum water depth)",7,NA
"367",2012,163,22520001,"Lake Macbride (maximum water depth)",5,NA
"368",2012,221,22520001,"Lake Macbride (maximum water depth)",10,NA
"369",2012,193,22520001,"Lake Macbride (maximum water depth)",9,NA
"370",2012,256,22520001,"Lake Macbride (maximum water depth)",7,NA
"371",2012,130,22520001,"Lake Macbride (maximum water depth)",3,NA
"372",2008,262,22520001,"Lake Macbride (maximum water depth)",8,1
"373",2008,140,22520001,"Lake Macbride (maximum water depth)",4,2
"374",2008,238,22520001,"Lake Macbride (maximum water depth)",12,2
"375",2008,212,22520001,"Lake Macbride (maximum water depth)",9,3
"376",2003,189,22520002,"Lake Macbride (mean water depth)",12,NA
"377",2003,204,22520002,"Lake Macbride (mean water depth)",12,NA
"378",2003,260,22520002,"Lake Macbride (mean water depth)",7,NA
"379",2003,232,22520002,"Lake Macbride (mean water depth)",11,NA
"380",2003,218,22520002,"Lake Macbride (mean water depth)",16,NA
"381",2003,272,22520002,"Lake Macbride (mean water depth)",9,NA
"382",2003,204,22520003,"Lake Macbride (shallow water depth)",23,NA
"383",2003,218,22520003,"Lake Macbride (shallow water depth)",27,NA
"384",2003,232,22520003,"Lake Macbride (shallow water depth)",15,NA
"385",2003,260,22520003,"Lake Macbride (shallow water depth)",18,NA
"386",2003,272,22520003,"Lake Macbride (shallow water depth)",17,NA
"387",2012,130,22520004,"Coralville Reservoir",30,NA
"388",2012,256,22520004,"Coralville Reservoir",14,NA
"389",2012,193,22520004,"Coralville Reservoir",14,NA
"390",2012,163,22520004,"Coralville Reservoir",22,NA
"391",2012,221,22520004,"Coralville Reservoir",9,NA
"392",2011,256,22520005,"Kent Park Lake",14,NA
"393",2011,195,22520005,"Kent Park Lake",13,NA
"394",2011,220,22520005,"Kent Park Lake",11,NA
"395",2011,130,22520005,"Kent Park Lake",3,NA
"396",2011,159,22520005,"Kent Park Lake",8,NA
"397",2011,159,22530001,"Central Park Lake",18,NA
"398",2011,130,22530001,"Central Park Lake",3,NA
"399",2011,195,22530001,"Central Park Lake",20,NA
"400",2011,256,22530001,"Central Park Lake",25,NA
"401",2011,243,22530001,"Central Park Lake",11,NA
"402",2011,228,22530001,"Central Park Lake",19,NA
"403",2005,157,22590001,"Williamson Pond Max Depth",22,NA
"404",2005,146,22590001,"Williamson Pond Max Depth",9,NA
"405",2005,133,22590001,"Williamson Pond Max Depth",21,NA
"406",2005,74,22590001,"Williamson Pond Max Depth",7,NA
"407",2005,195,22590001,"Williamson Pond Max Depth",48,NA
"408",2005,171,22590001,"Williamson Pond Max Depth",23,NA
"409",2005,210,22590001,"Williamson Pond Max Depth",58,NA
"410",2005,223,22590001,"Williamson Pond Max Depth",34,NA
"411",2005,235,22590001,"Williamson Pond Max Depth",21,NA
"412",2005,259,22590001,"Williamson Pond Max Depth",12,NA
"413",2005,272,22590001,"Williamson Pond Max Depth",16,NA
"414",2011,231,22600001,"Lake Pahoja",19,NA
"415",2011,262,22600001,"Lake Pahoja",11,NA
"416",2011,203,22600001,"Lake Pahoja",20,NA
"417",2011,180,22600001,"Lake Pahoja",2,NA
"418",2011,146,22600001,"Lake Pahoja",2,NA
"419",2002,224,22610001,"Badger Creek Lake Surface Grab (1)",16,NA
"420",2002,184,22610001,"Badger Creek Lake Surface Grab (1)",18,NA
"421",2002,122,22610001,"Badger Creek Lake Surface Grab (1)",8,NA
"422",2002,156,22610001,"Badger Creek Lake Surface Grab (1)",12,NA
"423",2002,107,22610001,"Badger Creek Lake Surface Grab (1)",6,NA
"424",2002,94,22610001,"Badger Creek Lake Surface Grab (1)",9,NA
"425",2002,79,22610001,"Badger Creek Lake Surface Grab (1)",4,NA
"426",2002,94,22610002,"Badger Creek Lake Mid-depth Grab (2)",6,NA
"427",2002,79,22610002,"Badger Creek Lake Mid-depth Grab (2)",5,NA
"428",2002,107,22610002,"Badger Creek Lake Mid-depth Grab (2)",5,NA
"429",2002,156,22610002,"Badger Creek Lake Mid-depth Grab (2)",6,NA
"430",2002,122,22610002,"Badger Creek Lake Mid-depth Grab (2)",8,NA
"431",2002,184,22610002,"Badger Creek Lake Mid-depth Grab (2)",12,NA
"432",2002,224,22610002,"Badger Creek Lake Mid-depth Grab (2)",24,NA
"433",2002,224,22610003,"Badger Creek Lake Bottom Grab (3)",13,NA
"434",2002,184,22610003,"Badger Creek Lake Bottom Grab (3)",24,NA
"435",2002,122,22610003,"Badger Creek Lake Bottom Grab (3)",7,NA
"436",2002,156,22610003,"Badger Creek Lake Bottom Grab (3)",5,NA
"437",2002,107,22610003,"Badger Creek Lake Bottom Grab (3)",5,NA
"438",2002,94,22610003,"Badger Creek Lake Bottom Grab (3)",4,NA
"439",2002,79,22610003,"Badger Creek Lake Bottom Grab (3)",6,NA
"440",2005,224,22610004,"Badger Creek Max Depth",33,NA
"441",2005,189,22610004,"Badger Creek Max Depth",28,NA
"442",2005,154,22610004,"Badger Creek Max Depth",19,NA
"443",2007,170,22620002,"Lake Keomah",7,1
"444",2007,226,22620002,"Lake Keomah",22,2
"445",2009,259,22620002,"Lake Keomah",1,NA
"446",2009,190,22620002,"Lake Keomah",3,NA
"447",2009,217,22620002,"Lake Keomah",4,NA
"448",2009,127,22620002,"Lake Keomah",8,NA
"449",2009,159,22620002,"Lake Keomah",7,NA
"450",2009,159,22620004,"Lake Keomah - East Arm",6,NA
"451",2009,127,22620004,"Lake Keomah - East Arm",7,NA
"452",2009,217,22620004,"Lake Keomah - East Arm",5,NA
"453",2009,190,22620004,"Lake Keomah - East Arm",3,NA
"454",2009,259,22620004,"Lake Keomah - East Arm",1,NA
"455",2009,259,22620005,"Lake Keomah - West Arm",2,NA
"456",2009,190,22620005,"Lake Keomah - West Arm",5,NA
"457",2009,217,22620005,"Lake Keomah - West Arm",4,NA
"458",2009,127,22620005,"Lake Keomah - West Arm",7,NA
"459",2009,159,22620005,"Lake Keomah - West Arm",3,NA
"460",2005,234,22680001,"Lake Miami Max Depth",19,NA
"461",2005,206,22680001,"Lake Miami Max Depth",17,NA
"462",2005,160,22680001,"Lake Miami Max Depth",8,NA
"463",2003,283,22770001,"Easter Lake (maximum water depth)",8,NA
"464",2003,269,22770001,"Easter Lake (maximum water depth)",21,NA
"465",2003,255,22770001,"Easter Lake (maximum water depth)",17,NA
"466",2003,234,22770001,"Easter Lake (maximum water depth)",25,NA
"467",2003,219,22770001,"Easter Lake (maximum water depth)",18,NA
"468",2003,203,22770001,"Easter Lake (maximum water depth)",12,NA
"469",2003,192,22770001,"Easter Lake (maximum water depth)",9,NA
"470",2003,192,22770002,"Easter Lake (mean water depth)",13,NA
"471",2003,203,22770002,"Easter Lake (mean water depth)",16,NA
"472",2003,219,22770002,"Easter Lake (mean water depth)",18,NA
"473",2003,234,22770002,"Easter Lake (mean water depth)",27,NA
"474",2003,255,22770002,"Easter Lake (mean water depth)",28,NA
"475",2003,269,22770002,"Easter Lake (mean water depth)",24,NA
"476",2003,283,22770002,"Easter Lake (mean water depth)",10,NA
"477",2003,283,22770003,"Easter Lake (shallow water depth)",9,NA
"478",2003,269,22770003,"Easter Lake (shallow water depth)",25,NA
"479",2003,255,22770003,"Easter Lake (shallow water depth)",18,NA
"480",2003,234,22770003,"Easter Lake (shallow water depth)",29,NA
"481",2003,219,22770003,"Easter Lake (shallow water depth)",21,NA
"482",2003,203,22770003,"Easter Lake (shallow water depth)",16,NA
"483",2003,192,22770003,"Easter Lake (shallow water depth)",13,NA
"484",2007,221,22770004,"Big Creek",4,1
"485",2007,156,22770004,"Big Creek",5,2
"486",2008,255,22770004,"Big Creek",3,1
"487",2008,227,22770004,"Big Creek",7,1
"488",2008,128,22770004,"Big Creek",2,1
"489",2008,164,22770004,"Big Creek",21,16
"490",2008,184,22770004,"Big Creek",3,2
"491",2005,75,22780001,"Carter Lake Max Depth",20,NA
"492",2012,130,22780003,"Lake Manawa",38,NA
"493",2012,158,22780003,"Lake Manawa",41,NA
"494",2012,226,22780003,"Lake Manawa",42,NA
"495",2012,191,22780003,"Lake Manawa",54,NA
"496",2012,254,22780003,"Lake Manawa",52,NA
"497",2002,141,22790001,"Arbor Lake Surface Grab (8)",2,NA
"498",2002,114,22790001,"Arbor Lake Surface Grab (8)",5,NA
"499",2002,163,22790001,"Arbor Lake Surface Grab (8)",4,NA
"500",2002,203,22790001,"Arbor Lake Surface Grab (8)",30,NA
"501",2002,231,22790001,"Arbor Lake Surface Grab (8)",29,NA
"502",2002,260,22790001,"Arbor Lake Surface Grab (8)",18,NA
"503",2002,78,22790001,"Arbor Lake Surface Grab (8)",23,NA
"504",2002,56,22790001,"Arbor Lake Surface Grab (8)",20,NA
"505",2002,56,22790002,"Arbor Lake Mid-depth Grab (9)",17,NA
"506",2002,78,22790002,"Arbor Lake Mid-depth Grab (9)",22,NA
"507",2002,260,22790002,"Arbor Lake Mid-depth Grab (9)",14,NA
"508",2002,231,22790002,"Arbor Lake Mid-depth Grab (9)",22,NA
"509",2002,203,22790002,"Arbor Lake Mid-depth Grab (9)",28,NA
"510",2002,163,22790002,"Arbor Lake Mid-depth Grab (9)",6,NA
"511",2002,114,22790002,"Arbor Lake Mid-depth Grab (9)",7,NA
"512",2002,141,22790002,"Arbor Lake Mid-depth Grab (9)",18,NA
"513",2002,141,22790003,"Arbor Lake Bottom Grab (10)",10,NA
"514",2002,114,22790003,"Arbor Lake Bottom Grab (10)",5,NA
"515",2002,163,22790003,"Arbor Lake Bottom Grab (10)",28,NA
"516",2002,203,22790003,"Arbor Lake Bottom Grab (10)",13,NA
"517",2002,231,22790003,"Arbor Lake Bottom Grab (10)",22,NA
"518",2002,260,22790003,"Arbor Lake Bottom Grab (10)",16,NA
"519",2002,78,22790003,"Arbor Lake Bottom Grab (10)",23,NA
"520",2002,56,22790003,"Arbor Lake Bottom Grab (10)",19,NA
"521",2005,157,22790004,"Arbor Lake Max Depth",4,NA
"522",2005,199,22790004,"Arbor Lake Max Depth",19,NA
"523",2007,164,22810002,"Black Hawk Lake",16,7
"524",2007,227,22810002,"Black Hawk Lake",48,22
"525",2008,178,22810002,"Black Hawk Lake",25,16
"526",2008,150,22810002,"Black Hawk Lake",12,8
"527",2008,234,22810002,"Black Hawk Lake",63,13
"528",2008,205,22810002,"Black Hawk Lake",36,14
"529",2008,280,22810002,"Black Hawk Lake",42,5
"530",2008,280,22810003,"Black Hawk Lake West Arm",100,52
"531",2008,205,22810003,"Black Hawk Lake West Arm",64,26
"532",2008,234,22810003,"Black Hawk Lake West Arm",55,19
"533",2008,150,22810003,"Black Hawk Lake West Arm",31,16
"534",2008,178,22810003,"Black Hawk Lake West Arm",49,27
"535",2007,227,22810003,"Black Hawk Lake West Arm",38,17
"536",2007,198,22810003,"Black Hawk Lake West Arm",50,20
"537",2007,164,22810003,"Black Hawk Lake West Arm",32,17
"538",2007,164,22810004,"Black Hawk Lake Open Bay",16,6
"539",2007,198,22810004,"Black Hawk Lake Open Bay",50,24
"540",2007,227,22810004,"Black Hawk Lake Open Bay",46,19
"541",2008,150,22810004,"Black Hawk Lake Open Bay",15,11
"542",2008,234,22810004,"Black Hawk Lake Open Bay",67,14
"543",2008,205,22810004,"Black Hawk Lake Open Bay",29,12
"544",2008,280,22810004,"Black Hawk Lake Open Bay",50,10
"545",2008,262,22820001,"Lake of the Hills",15,4
"546",2008,211,22820001,"Lake of the Hills",8,3
"547",2008,238,22820001,"Lake of the Hills",18,6
"548",2008,177,22820001,"Lake of the Hills",9,4
"549",2008,140,22820001,"Lake of the Hills",9,3
"550",2003,282,22850001,"Hickory Grove Lake (maximum water depth)",11,NA
"551",2003,195,22850001,"Hickory Grove Lake (maximum water depth)",5,NA
"552",2003,230,22850001,"Hickory Grove Lake (maximum water depth)",9,NA
"553",2003,218,22850001,"Hickory Grove Lake (maximum water depth)",9,NA
"554",2003,253,22850001,"Hickory Grove Lake (maximum water depth)",10,NA
"555",2003,265,22850001,"Hickory Grove Lake (maximum water depth)",8,NA
"556",2003,265,22850002,"Hickory Grove Lake (mean water depth)",10,NA
"557",2003,253,22850002,"Hickory Grove Lake (mean water depth)",10,NA
"558",2003,230,22850002,"Hickory Grove Lake (mean water depth)",7,NA
"559",2003,218,22850002,"Hickory Grove Lake (mean water depth)",6,NA
"560",2003,195,22850002,"Hickory Grove Lake (mean water depth)",8,NA
"561",2003,282,22850002,"Hickory Grove Lake (mean water depth)",7,NA
"562",2003,282,22850003,"Hickory Grove Lake (shallow water depth)",7,NA
"563",2003,195,22850003,"Hickory Grove Lake (shallow water depth)",16,NA
"564",2003,218,22850003,"Hickory Grove Lake (shallow water depth)",6,NA
"565",2003,230,22850003,"Hickory Grove Lake (shallow water depth)",8,NA
"566",2003,253,22850003,"Hickory Grove Lake (shallow water depth)",15,NA
"567",2003,265,22850003,"Hickory Grove Lake (shallow water depth)",9,NA
"568",2007,228,22860001,"Casey Lake",20,1
"569",2007,178,22860001,"Casey Lake",10,3
"570",2010,140,22860001,"Casey Lake",2,1
"571",2010,259,22860001,"Casey Lake",10,1
"572",2010,229,22860001,"Casey Lake",13,1
"573",2010,189,22860001,"Casey Lake",6,1
"574",2010,161,22860001,"Casey Lake",3,1
"575",2011,159,22860002,"Otter Creek Lake",5,NA
"576",2011,130,22860002,"Otter Creek Lake",4,NA
"577",2011,195,22860002,"Otter Creek Lake",10,NA
"578",2011,220,22860002,"Otter Creek Lake",23,NA
"579",2011,257,22860002,"Otter Creek Lake",14,NA
"580",2011,257,22860004,"Otter Creek Lake inlet at Clutier",14,NA
"581",2011,220,22860004,"Otter Creek Lake inlet at Clutier",35,NA
"582",2011,195,22860004,"Otter Creek Lake inlet at Clutier",56,NA
"583",2011,159,22860004,"Otter Creek Lake inlet at Clutier",18,NA
"584",2011,130,22860004,"Otter Creek Lake inlet at Clutier",6,NA
"585",2005,228,22870001,"Lake of Three Fires Max Depth",10,NA
"586",2005,201,22870001,"Lake of Three Fires Max Depth",15,NA
"587",2005,165,22870001,"Lake of Three Fires Max Depth",3,NA
"588",2012,158,22870003,"Windmill Lake",20,NA
"589",2012,130,22870003,"Windmill Lake",11,NA
"590",2012,191,22870003,"Windmill Lake",18,NA
"591",2012,226,22870003,"Windmill Lake",38,NA
"592",2012,254,22870003,"Windmill Lake",20,NA
"593",2011,256,22880002,"Thayer Lake",9,NA
"594",2011,243,22880002,"Thayer Lake",17,NA
"595",2011,132,22880002,"Thayer Lake",58,NA
"596",2011,167,22880002,"Thayer Lake",14,NA
"597",2011,187,22880002,"Thayer Lake",9,NA
"598",2011,229,22880002,"Thayer Lake",7,NA
"599",2004,189,22890001,"Indian Lake (maximum water depth)",12,NA
"600",2004,204,22890001,"Indian Lake (maximum water depth)",11,NA
"601",2004,280,22890001,"Indian Lake (maximum water depth)",20,NA
"602",2004,259,22890001,"Indian Lake (maximum water depth)",17,NA
"603",2004,217,22890001,"Indian Lake (maximum water depth)",20,NA
"604",2004,231,22890001,"Indian Lake (maximum water depth)",20,NA
"605",2004,244,22890001,"Indian Lake (maximum water depth)",12,NA
"606",2004,244,22890002,"Indian Lake (mean water depth)",18,NA
"607",2004,231,22890002,"Indian Lake (mean water depth)",24,NA
"608",2004,217,22890002,"Indian Lake (mean water depth)",22,NA
"609",2004,259,22890002,"Indian Lake (mean water depth)",13,NA
"610",2004,280,22890002,"Indian Lake (mean water depth)",19,NA
"611",2004,204,22890002,"Indian Lake (mean water depth)",20,NA
"612",2004,189,22890002,"Indian Lake (mean water depth)",14,NA
"613",2004,189,22890003,"Indian Lake (shallow water depth)",10,NA
"614",2004,204,22890003,"Indian Lake (shallow water depth)",14,NA
"615",2004,280,22890003,"Indian Lake (shallow water depth)",22,NA
"616",2004,259,22890003,"Indian Lake (shallow water depth)",27,NA
"617",2004,217,22890003,"Indian Lake (shallow water depth)",20,NA
"618",2004,244,22890003,"Indian Lake (shallow water depth)",26,NA
"619",2004,231,22890003,"Indian Lake (shallow water depth)",21,NA
"620",2005,81,22900001,"Ottumwa Lagoon Max Depth",51,NA
"621",2002,234,22920001,"Lake Darling Surface Grab (6)",21,NA
"622",2002,198,22920001,"Lake Darling Surface Grab (6)",14,NA
"623",2002,171,22920001,"Lake Darling Surface Grab (6)",38,NA
"624",2002,113,22920001,"Lake Darling Surface Grab (6)",9,NA
"625",2002,150,22920001,"Lake Darling Surface Grab (6)",14,NA
"626",2002,77,22920001,"Lake Darling Surface Grab (6)",2,NA
"627",2002,77,22920002,"Lake Darling Mid-depth Grab (7)",14,NA
"628",2002,150,22920002,"Lake Darling Mid-depth Grab (7)",37,NA
"629",2002,113,22920002,"Lake Darling Mid-depth Grab (7)",8,NA
"630",2002,171,22920002,"Lake Darling Mid-depth Grab (7)",23,NA
"631",2002,198,22920002,"Lake Darling Mid-depth Grab (7)",19,NA
"632",2002,234,22920002,"Lake Darling Mid-depth Grab (7)",17,NA
"633",2002,234,22920003,"Lake Darling Bottom Grab (8)",23,NA
"634",2002,198,22920003,"Lake Darling Bottom Grab (8)",37,NA
"635",2002,171,22920003,"Lake Darling Bottom Grab (8)",56,NA
"636",2002,113,22920003,"Lake Darling Bottom Grab (8)",8,NA
"637",2002,150,22920003,"Lake Darling Bottom Grab (8)",53,NA
"638",2002,77,22920003,"Lake Darling Bottom Grab (8)",47,NA
"639",2005,160,22920004,"Lake Darling Max Depth",9,NA
"640",2005,206,22920004,"Lake Darling Max Depth",25,NA
"641",2002,87,22960001,"Lake Meyer Surface Grab (4)",2,NA
"642",2002,115,22960001,"Lake Meyer Surface Grab (4)",8,NA
"643",2002,133,22960001,"Lake Meyer Surface Grab (4)",1,NA
"644",2002,176,22960001,"Lake Meyer Surface Grab (4)",3,NA
"645",2002,196,22960001,"Lake Meyer Surface Grab (4)",8,NA
"646",2002,233,22960001,"Lake Meyer Surface Grab (4)",10,NA
"647",2002,262,22960001,"Lake Meyer Surface Grab (4)",9,NA
"648",2002,281,22960001,"Lake Meyer Surface Grab (4)",11,NA
"649",2002,281,22960002,"Lake Meyer Mid-depth Grab (5)",10,NA
"650",2002,262,22960002,"Lake Meyer Mid-depth Grab (5)",7,NA
"651",2002,233,22960002,"Lake Meyer Mid-depth Grab (5)",8,NA
"652",2002,196,22960002,"Lake Meyer Mid-depth Grab (5)",18,NA
"653",2002,176,22960002,"Lake Meyer Mid-depth Grab (5)",3,NA
"654",2002,133,22960002,"Lake Meyer Mid-depth Grab (5)",2,NA
"655",2002,115,22960002,"Lake Meyer Mid-depth Grab (5)",9,NA
"656",2002,87,22960002,"Lake Meyer Mid-depth Grab (5)",5,NA
"657",2002,87,22960003,"Lake Meyer Bottom Grab (6)",6,NA
"658",2002,115,22960003,"Lake Meyer Bottom Grab (6)",17,NA
"659",2002,133,22960003,"Lake Meyer Bottom Grab (6)",1,NA
"660",2002,176,22960003,"Lake Meyer Bottom Grab (6)",10,NA
"661",2002,196,22960003,"Lake Meyer Bottom Grab (6)",6,NA
"662",2002,233,22960003,"Lake Meyer Bottom Grab (6)",7,NA
"663",2002,262,22960003,"Lake Meyer Bottom Grab (6)",9,NA
"664",2002,281,22960003,"Lake Meyer Bottom Grab (6)",10,NA
"665",2003,273,22960004,"Lake Meyer (maximum water depth)",14,NA
"666",2003,258,22960004,"Lake Meyer (maximum water depth)",7,NA
"667",2003,217,22960004,"Lake Meyer (maximum water depth)",15,NA
"668",2003,231,22960004,"Lake Meyer (maximum water depth)",14,NA
"669",2003,203,22960004,"Lake Meyer (maximum water depth)",14,NA
"670",2003,191,22960004,"Lake Meyer (maximum water depth)",25,NA
"671",2003,191,22960005,"Lake Meyer (mean water depth)",17,NA
"672",2003,203,22960005,"Lake Meyer (mean water depth)",12,NA
"673",2003,231,22960005,"Lake Meyer (mean water depth)",13,NA
"674",2003,217,22960005,"Lake Meyer (mean water depth)",14,NA
"675",2003,273,22960005,"Lake Meyer (mean water depth)",16,NA
"676",2003,258,22960005,"Lake Meyer (mean water depth)",9,NA
"677",2003,258,22960006,"Lake Meyer (shallow water depth)",17,NA
"678",2003,273,22960006,"Lake Meyer (shallow water depth)",19,NA
"679",2003,217,22960006,"Lake Meyer (shallow water depth)",18,NA
"680",2003,231,22960006,"Lake Meyer (shallow water depth)",15,NA
"681",2003,203,22960006,"Lake Meyer (shallow water depth)",18,NA
"682",2003,191,22960006,"Lake Meyer (shallow water depth)",17,NA
"683",2012,158,22970001,"Browns Lake",14,NA
"684",2012,130,22970001,"Browns Lake",16,NA
"685",2012,226,22970001,"Browns Lake",26,NA
"686",2012,192,22970001,"Browns Lake",28,NA
"687",2012,255,22970001,"Browns Lake",35,NA
"688",2004,229,22990001,"Lake Cornelia (maximum water depth)",24,NA
"689",2004,218,22990001,"Lake Cornelia (maximum water depth)",20,NA
"690",2004,258,22990001,"Lake Cornelia (maximum water depth)",40,NA
"691",2004,247,22990001,"Lake Cornelia (maximum water depth)",25,NA
"692",2004,278,22990001,"Lake Cornelia (maximum water depth)",19,NA
"693",2004,201,22990001,"Lake Cornelia (maximum water depth)",15,NA
"694",2004,190,22990001,"Lake Cornelia (maximum water depth)",16,NA
"695",2004,190,22990002,"Lake Cornelia (mean water depth)",16,NA
"696",2004,201,22990002,"Lake Cornelia (mean water depth)",15,NA
"697",2004,278,22990002,"Lake Cornelia (mean water depth)",17,NA
"698",2004,247,22990002,"Lake Cornelia (mean water depth)",17,NA
"699",2004,258,22990002,"Lake Cornelia (mean water depth)",24,NA
"700",2004,218,22990002,"Lake Cornelia (mean water depth)",24,NA
"701",2004,229,22990002,"Lake Cornelia (mean water depth)",28,NA
"702",2004,229,22990003,"Lake Cornelia (shallow water depth)",22,NA
"703",2004,218,22990003,"Lake Cornelia (shallow water depth)",20,NA
"704",2004,258,22990003,"Lake Cornelia (shallow water depth)",23,NA
"705",2004,247,22990003,"Lake Cornelia (shallow water depth)",16,NA
"706",2004,278,22990003,"Lake Cornelia (shallow water depth)",14,NA
"707",2004,201,22990003,"Lake Cornelia (shallow water depth)",13,NA
"708",2004,190,22990003,"Lake Cornelia (shallow water depth)",16,NA
